ALTER TABLE ARTICLE add constraint FK_ARTICLE_FOU FOREIGN KEY  (ID_FOU) REFERENCES FOURNISSEUR(ID) ;

ALTER TABLE BON add constraint FK_BON_FOU FOREIGN KEY (ID_FOU) REFERENCES FOURNISSEUR(ID) ;

ALTER TABLE COMPO add constraint FK_COMPO_ART FOREIGN KEY (ID_ART) REFERENCES ARTICLE(ID) ;

ALTER TABLE COMPO add constraint FK_COMPO_BON FOREIGN KEY (ID_BON) REFERENCES BON(ID) ;

INSERT INTO FOURNISSEUR (ID, NOM) values (1, 'Française d''Imports') ;

INSERT INTO FOURNISSEUR (ID, NOM) values (2, 'FDM SA') ;

INSERT INTO FOURNISSEUR (ID, NOM) values (3, 'Dubois & Fils') ;

INSERT INTO ARTICLE (ID, REF, DESIGNATION, PRIX, ID_FOU) values (1, 'A01', 'Perceuse P1', 74.99, 1) ;

INSERT INTO ARTICLE (ID, REF, DESIGNATION, PRIX, ID_FOU) values (2, 'F01', 'Boulon laiton 4 x 40 mm (sachet de 10)', 2.25, 2) ;

INSERT INTO ARTICLE (ID, REF, DESIGNATION, PRIX, ID_FOU) values (3, 'F02', 'Boulon laiton 5 x 40 mm (sachet de 10)', 4.45, 2) ;

INSERT INTO ARTICLE (ID, REF, DESIGNATION, PRIX, ID_FOU) values (4, 'D01', 'Boulon laiton 5 x 40 mm (sachet de 10)', 4.4, 3) ;

INSERT INTO ARTICLE (ID, REF, DESIGNATION, PRIX, ID_FOU) values (5, 'A02', 'Meuleuse 125mm', 37.85, 1) ;

INSERT INTO ARTICLE (ID, REF, DESIGNATION, PRIX, ID_FOU) values (6, 'D03', 'Boulon acier zingué 4 x 40mm (sachet de 10)', 1.8, 3) ;

INSERT INTO ARTICLE (ID, REF, DESIGNATION, PRIX, ID_FOU) values (7, 'A03', 'Perceuse à colonne', 185.25, 1) ;

INSERT INTO ARTICLE (ID, REF, DESIGNATION, PRIX, ID_FOU) values (8, 'D04', 'Coffret mêches à bois', 12.25, 3) ;

INSERT INTO ARTICLE (ID, REF, DESIGNATION, PRIX, ID_FOU) values (9, 'F03', 'Coffret mêches plates', 6.25, 2) ;

INSERT INTO ARTICLE (ID, REF, DESIGNATION, PRIX, ID_FOU) values (10, 'F04', 'Fraises d’encastrement', 8.14, 2) ;

INSERT INTO BON (ID, NUMERO, DELAI, ID_FOU, DATE_CMDE) VALUES (1, 1, 3, 1, '2019-02-08 09:30:00');

INSERT INTO COMPO (ID_ART, ID_BON, QTE) values (1, 1, 3);

INSERT INTO COMPO (ID_ART, ID_BON, QTE) values (5, 1, 4);

INSERT INTO COMPO (ID_ART, ID_BON, QTE) values (7, 1, 1);

INSERT INTO BON (ID, NUMERO, DELAI, ID_FOU, DATE_CMDE) VALUES (1, 1, 3, 1, '2019-02-08 09:30:00');
INSERT INTO COMPO (ID_ART, ID_BON, QTE) values (1, 1, 3);
INSERT INTO COMPO (ID_ART, ID_BON, QTE) values (5, 1, 4);
INSERT INTO COMPO (ID_ART, ID_BON, QTE) values (7, 1, 1);